type,word,word1,word2,word3,word4,word5,word6
色情,爱液
色情,按摩棒
色情,拔出来
色情,爆草
色情,包二奶
色情,暴干
色情,暴奸
色情,暴乳
色情,爆乳
色情,暴淫
色情,屄
色情,被操
色情,被插
色情,被干
色情,逼奸
色情,仓井空
色情,插暴
色情,操逼
色情,操黑
色情,操烂
色情,肏你
色情,肏死
色情,操死
色情,操我
色情,厕奴
色情,插比
色情,插b
色情,插逼
色情,插进
色情,插你
色情,插我
色情,插阴
色情,潮吹
色情,潮喷
色情,成人dv
色情,成人电影
色情,成人论坛
色情,成人小说
色情,成人电
色情,成人电影
色情,成人卡通
色情,成人聊
色情,成人片
色情,成人视
色情,成人图
色情,成人文
色情,成人小
色情,成人电影
色情,成人论坛
色情,成人色情
色情,成人网站
色情,成人文学
色情,成人小说
色情,艳情小说
色情,成人游戏
色情,吃精
色情,赤裸
色情,抽插
色情,扌由插
色情,抽一插
色情,春药
色情,大波
色情,大力抽送
色情,大乳
色情,荡妇
色情,荡女
色情,盗撮
色情,多人轮
色情,发浪
色情,放尿
色情,肥逼
色情,粉穴
色情,封面女郎
色情,风月大陆
色情,干死你
色情,干穴
色情,肛交
色情,肛门
色情,龟头
色情,裹本
色情,国产av
色情,好嫩
色情,豪乳
色情,黑逼
色情,后庭
色情,后穴
色情,虎骑
色情,花花公子
色情,换妻俱乐部
色情,黄片
色情,几吧
色情,鸡吧
色情,鸡巴
色情,鸡奸
色情,寂寞男
色情,寂寞女
色情,妓女
色情,激情
色情,集体淫
色情,奸情
色情,叫床
色情,脚交
色情,金鳞岂是池中物
色情,精液
色情,就去日
色情,巨屌
色情,菊花洞
色情,菊门
色情,巨奶
色情,巨乳
色情,菊穴
色情,开苞
色情,口爆
色情,口交
色情,口射
色情,口淫
色情,裤袜
色情,狂操
色情,狂插
色情,浪逼
色情,浪妇
色情,浪叫
色情,浪女
色情,狼友
色情,聊性
色情,流淫
色情,铃木麻
色情,凌辱
色情,漏乳
色情,露b
色情,乱交
色情,乱伦
色情,轮暴
色情,轮操
色情,轮奸
色情,裸陪
色情,买春
色情,美逼
色情,美少妇
色情,美乳
色情,美穴
色情,美幼
色情,秘唇
色情,迷奸
色情,密穴
色情,蜜穴
色情,蜜液
色情,摸奶
色情,摸胸
色情,母奸
色情,奈美
色情,奶子
色情,男奴
色情,内射
色情,嫩逼
色情,嫩女
色情,嫩穴
色情,捏弄
色情,女优
色情,炮友
色情,砲友
色情,喷精
色情,屁眼
色情,品香堂
色情,前凸后翘
色情,强jian
色情,强暴
色情,强奸处女
色情,情趣用品
色情,情色
色情,拳交
色情,全裸
色情,群交
色情,惹火身材
色情,人妻
色情,人兽
色情,日逼
色情,日烂
色情,肉棒
色情,肉逼
色情,肉唇
色情,肉洞
色情,肉缝
色情,肉棍
色情,肉茎
色情,肉具
色情,揉乳
色情,肉穴
色情,肉欲
色情,乳爆
色情,乳房
色情,乳沟
色情,乳交
色情,乳头
色情,三级片
色情,骚逼
色情,骚比
色情,骚女
色情,骚水
色情,骚穴
色情,色逼
色情,色界
色情,色猫
色情,色盟
色情,色情网站
色情,色色
色情,色诱
色情,色欲
色情,色b
色情,少年阿宾
色情,少修正
色情,射爽
色情,射颜
色情,食精
色情,释欲
色情,兽奸
色情,兽交
色情,手淫
色情,兽欲
色情,熟妇
色情,熟母
色情,熟女
色情,爽片
色情,爽死我了
色情,双臀
色情,死逼
色情,丝袜
色情,丝诱
色情,松岛枫
色情,体奸
色情,体位
色情,舔脚
色情,舔阴
色情,调教
色情,偷欢
色情,偷拍
色情,推油
色情,脱内裤
色情,文做
色情,我就色
色情,舞女
色情,无修正
色情,吸精
色情,夏川纯
色情,相奸
色情,小逼
色情,校鸡
色情,小穴
色情,小xue
色情,性感妖娆
色情,性感诱惑
色情,性虎
色情,性饥渴
色情,性技巧
色情,性交
色情,性奴
色情,性虐
色情,性息
色情,性欲
色情,胸推
色情,穴口
色情,学生妹
色情,穴图
色情,亚情
色情,颜射
色情,阳具
色情,杨思敏
色情,要射了
色情,夜勤病栋
色情,一本道
色情,一夜欢
色情,一夜情
色情,一ye情
色情,阴部
色情,淫虫
色情,阴唇
色情,淫荡
色情,阴道
色情,淫电影
色情,阴阜
色情,淫妇
色情,淫河
色情,阴核
色情,阴户
色情,淫贱
色情,淫叫
色情,淫教师
色情,阴茎
色情,阴精
色情,淫浪
色情,淫媚
色情,淫糜
色情,淫魔
色情,淫母
色情,淫女
色情,淫虐
色情,淫妻
色情,淫情
色情,淫色
色情,淫声浪语
色情,淫兽学园
色情,淫书
色情,淫术炼金士
色情,淫水
色情,淫娃
色情,淫威
色情,淫亵
色情,淫样
色情,淫液
色情,淫照
色情,阴b
色情,幼交
色情,幼男
色情,幼女
色情,欲火
色情,欲女
色情,玉女心经
色情,玉蒲团
色情,玉乳
色情,欲仙欲死
色情,玉穴
色情,援交
色情,原味内衣
色情,援助交际
色情,张筱雨
色情,招鸡
色情,招妓
色情,中年美妇
色情,抓胸
色情,偷拍
色情,自慰
色情,作爱
色情,18禁
色情,99bb
色情,a4u
色情,a4y
色情,adult
色情,amateur
色情,anal
色情,a片
色情,fuck
色情,gay片
色情,g点
色情,g片
色情,hardcore
色情,h动画
色情,h动漫
色情,incest
色情,porn
色情,secom
色情,sexinsex
色情,xiao77
色情,xing伴侣
色情,tokyohot
色情,yin荡
低俗,贱人
低俗,装b
低俗,大sb
低俗,傻逼
低俗,傻b
低俗,煞逼
低俗,煞笔
低俗,刹笔
低俗,傻比
低俗,沙比
低俗,欠干
低俗,婊子养的
低俗,我日你
低俗,我操
低俗,我草
低俗,卧艹
低俗,卧槽
低俗,爆你菊
低俗,艹你
低俗,cao你
低俗,你他妈
低俗,真他妈
低俗,别他吗
低俗,草你吗
低俗,草你丫
低俗,操你妈
低俗,擦你妈
低俗,操你娘
低俗,操他妈
低俗,日你妈
低俗,干你妈
低俗,干你娘
低俗,娘西皮
低俗,狗操
低俗,狗草
低俗,狗杂种
低俗,狗日的
低俗,操你祖宗
低俗,操你全家
低俗,操你大爷
低俗,妈逼
低俗,你麻痹
低俗,麻痹的
低俗,妈了个逼
低俗,马勒
低俗,狗娘养
低俗,贱比
低俗,贱b
低俗,下贱
低俗,死全家
低俗,全家死光
低俗,全家不得好死
低俗,全家死绝
低俗,白痴
低俗,无耻
低俗,sb
低俗,杀b
低俗,你吗b
低俗,你妈的
低俗,婊子
低俗,贱货
低俗,人渣
低俗,混蛋
低俗,媚外
广告,兼职
色情,性伴侣
色情,男公关
色情,火辣
色情,精子
色情,射精
色情,诱奸
色情,强奸
色情,做爱
色情,性爱
色情,发生关系
色情,按摩
色情,快感
色情,处男
色情,猛男
色情,屌
色情,下体
色情,a片
色情,浑圆
色情,咪咪
色情,发情
色情,白嫩
色情,粉嫩
色情,兽性
色情,风骚
色情,呻吟
色情,阉割
色情,高潮
色情,裸露
色情,一丝不挂
色情,脱光
色情,干你
色情,干死
色情,我干
色情,裙中性运动
色情,乱奸
色情,乱伦
色情,乱伦类
广告,微粒贷
色情,乱伦小
广告,做任务
色情,伦理大
色情,伦理电影
色情,伦理毛
广告,食谱
色情,伦理片
色情,裸聊
广告,意外
广告,转让
广告,合伙投资
色情,裸聊网
色情,裸体写真
色情,裸舞视
色情,裸照
色情,美女裸体
色情,美女写真
色情,美女上门
色情,美艳少妇
色情,妹按摩
色情,妹上门
色情,迷幻药
色情,迷幻藥
色情,迷昏口
色情,迷昏药
色情,迷昏藥
色情,迷魂香
色情,迷魂药
色情,迷魂藥
色情,迷奸粉
色情,迷奸药
色情,迷情粉
色情,迷情水
色情,迷情药
色情,迷药
色情,迷藥
色情,谜奸药
色情,骚妇
色情,骚货
色情,骚浪
色情,骚女
色情,骚嘴
色情,色电影
色情,色妹妹
色情,色情表演
色情,色情电影
色情,色情服务
色情,色情图片
色情,色情小说
色情,色情影片
色情,色情表演
色情,色情电影
色情,色情服务
色情,色情片
色情,色视频
色情,色小说
色情,性伴侣
色情,性服务
色情,性福情
色情,性感少
色情,性伙伴
色情,性交
色情,性交视频
色情,性交图片
色情,性奴
色情,性奴集中营
色情,性虐
色情,阴唇
色情,阴道
色情,阴蒂
色情,阴户
色情,阴间来电
色情,阴茎
色情,阴茎增大
色情,阴茎助勃
色情,阴毛
色情,陰唇
色情,陰道
色情,陰戶
色情,淫荡
色情,淫荡美女
色情,淫荡视频
色情,淫荡照片
色情,淫乱
色情,淫靡
色情,淫魔
色情,淫魔舞
色情,淫女
色情,淫情女
色情,淫肉
色情,淫騷妹
色情,淫兽
色情,淫兽学
色情,淫水
色情,淫穴
色情,morphine
色情,摇头丸
色情,迷药
色情,乖乖粉
色情,narcotic
色情,麻醉药
色情,精神药品
色情,爱女人
色情,爱液
色情,按摩棒
色情,拔出来
色情,爆草
色情,包二奶
色情,暴干
色情,暴奸
色情,暴乳
色情,爆乳
色情,暴淫
色情,屄
色情,被操
色情,被插
色情,被干
色情,逼奸
色情,仓井空
色情,插暴
色情,操逼
色情,操黑
色情,操烂
色情,肏你
色情,肏死
色情,操死
色情,操我
色情,厕奴
色情,插比
色情,插b
色情,插逼
色情,插进
色情,插你
色情,插我
色情,插阴
色情,潮吹
色情,潮喷
色情,成人电影
色情,成人论坛
色情,成人色情
色情,成人网站
色情,成人文学
色情,成人小说
色情,艳情小说
色情,成人游戏
色情,吃精
色情,赤裸
色情,抽插
色情,扌由插
色情,抽一插
色情,春药
色情,大波
色情,大力抽送
色情,大乳
色情,荡妇
色情,荡女
色情,盗撮
色情,多人轮
色情,发浪
色情,放尿
色情,肥逼
色情,粉穴
色情,封面女郎
色情,风月大陆
色情,干死你
色情,干穴
色情,肛交
色情,肛门
色情,龟头
色情,裹本
色情,国产av
色情,好嫩
色情,豪乳
色情,黑逼
色情,后庭
色情,后穴
色情,虎骑
色情,花花公子
色情,换妻俱乐部
色情,黄片
色情,几吧
色情,鸡吧
色情,鸡巴
色情,鸡奸
色情,寂寞男
色情,寂寞女
色情,妓女
色情,激情
色情,集体淫
色情,奸情
色情,叫床
色情,脚交
色情,金鳞岂是池中物
色情,金麟岂是池中物
色情,精液
色情,就去日
色情,巨屌
色情,菊花洞
色情,菊门
色情,巨奶
色情,巨乳
色情,菊穴
色情,开苞
色情,口爆
色情,口活
色情,口交
色情,口射
色情,口淫
色情,裤袜
色情,狂操
色情,狂插
色情,浪逼
色情,浪妇
色情,浪叫
色情,浪女
色情,狼友
色情,聊性
色情,流淫
色情,铃木麻
色情,凌辱
色情,漏乳
色情,露b
色情,乱交
色情,乱伦
色情,轮暴
色情,轮操
色情,轮奸
色情,裸陪
色情,买春
色情,美逼
色情,美少妇
色情,美乳
色情,美腿
色情,美穴
色情,美幼
色情,秘唇
色情,迷奸
色情,密穴
色情,蜜穴
色情,蜜液
色情,摸奶
色情,摸胸
色情,母奸
色情,奈美
色情,奶子
色情,男奴
色情,内射
色情,嫩逼
色情,嫩女
色情,嫩穴
色情,捏弄
色情,女优
色情,炮友
色情,砲友
色情,喷精
色情,屁眼
色情,品香堂
色情,前凸后翘
色情,强jian
色情,强暴
色情,强奸处女
色情,情趣用品
色情,情色
色情,拳交
色情,全裸
色情,群交
色情,惹火身材
色情,人妻
色情,人兽
色情,日逼
色情,日烂
色情,肉棒
色情,肉逼
色情,肉唇
色情,肉洞
色情,肉缝
色情,肉棍
色情,肉茎
色情,肉具
色情,揉乳
色情,肉穴
色情,肉欲
色情,爆乳
色情,乳爆
色情,乳交
色情,三级片
色情,骚逼
色情,骚比
色情,骚女
色情,骚水
色情,骚穴
色情,色逼
色情,色界
色情,色猫
色情,色盟
色情,色情网站
色情,色区
色情,色色
色情,色诱
色情,色欲
色情,色b
色情,少年阿宾
色情,少修正
色情,射爽
色情,射颜
色情,食精
色情,释欲
色情,兽奸
色情,兽交
色情,手淫
色情,兽欲
色情,熟妇
色情,熟母
色情,熟女
色情,爽片
色情,爽死我了
色情,双臀
色情,死逼
色情,脱丝袜
色情,丝诱
色情,松岛枫
色情,体奸
色情,体位
色情,舔脚
色情,舔阴
色情,调教
色情,偷欢
色情,偷情
色情,推油
色情,脱内裤
色情,文做
色情,文爱
色情,我就色
色情,无码
色情,舞女
色情,无修正
色情,吸精
色情,夏川纯
色情,相奸
色情,小逼
色情,校鸡
色情,小穴
色情,小xue
色情,写真
色情,性感妖娆
色情,性感诱惑
色情,性虎
色情,性饥渴
色情,性技巧
色情,性交
色情,性奴
色情,性虐
色情,性息
色情,性欲
色情,胸推
色情,穴口
色情,学生妹
色情,穴图
色情,亚情
色情,颜射
色情,阳具
色情,杨思敏
色情,要射了
色情,夜勤病栋
色情,一本道
色情,一夜欢
色情,一夜情
色情,一ye情
色情,阴部
色情,淫虫
色情,阴唇
色情,淫荡
色情,阴道
色情,淫电影
色情,阴阜
色情,淫妇
色情,淫河
色情,阴核
色情,阴户
色情,淫贱
色情,淫叫
色情,淫教师
色情,阴茎
色情,阴精
色情,淫浪
色情,淫媚
色情,淫糜
色情,淫魔
色情,淫母
色情,淫女
色情,淫虐
色情,淫妻
色情,淫情
色情,淫色
色情,淫声浪语
色情,淫兽学园
色情,淫书
色情,淫术炼金士
色情,淫水
色情,淫娃
色情,淫威
色情,淫亵
色情,淫样
色情,淫液
色情,淫照
色情,阴b
色情,应召
色情,幼交
色情,幼男
色情,幼女
色情,欲火
色情,欲女
色情,玉女心经
色情,玉蒲团
色情,玉乳
色情,欲仙欲死
色情,玉穴
色情,援交
色情,原味内衣
色情,援助交际
色情,张筱雨
色情,招鸡
色情,招妓
色情,中年美妇
色情,抓胸
色情,自拍
色情,自慰
色情,作爱
色情,18禁
色情,99bb
色情,a4u
色情,a4y
色情,adult
色情,amateur
色情,anal
色情,a片
色情,fuck
色情,gay片
色情,g点
色情,g片
色情,hardcore
色情,h动画
色情,h动漫
色情,incest
色情,porn
色情,secom
色情,sexinsex
色情,sm女王
色情,xiao77
色情,xing伴侣
色情,tokyohot
色情,yin荡
政治,腐败中国
政治,三个呆婊
政治,你办事我放心
政治,社会主义灭亡
政治,打倒中国
政治,打倒共产党
政治,打倒共产主义
政治,打倒胡锦涛
政治,打倒江泽民
政治,打倒江主席
政治,打倒李鹏
政治,打倒罗干
政治,打倒温家宝
政治,打倒中共
政治,打倒朱镕
政治,抵制共产党
政治,抵制共产主义
政治,抵制胡锦涛
政治,抵制江泽民
政治,抵制江主席
政治,抵制李鹏
政治,抵制罗干
政治,抵制温家宝
政治,抵制中共
政治,抵制朱镕基
政治,灭亡中国
政治,亡党亡国
政治,粉碎四人帮
政治,激流中国
政治,特供
政治,特贡
政治,特共
政治,zf大楼
政治,殃视
政治,贪污腐败
政治,强制拆除
政治,形式主义
政治,政治风波
政治,太子党
政治,上海帮
政治,北京帮
政治,清华帮
政治,红色贵族
政治,权贵集团
政治,河蟹社会
政治,喝血社会
政治,九风
政治,9风
政治,十七大
政治,十7大
政治,17da
政治,九学
政治,9学
政治,四风
政治,4风
政治,双规
政治,南街村
政治,最淫官员
政治,警匪
政治,官匪
政治,独夫民贼
政治,官商勾结
政治,城管暴力执法
政治,强制捐款
政治,毒豺
政治,一党执政
政治,一党专制
政治,一党专政
政治,专制政权
政治,宪法法院
政治,胡平
政治,苏晓康
政治,贺卫方
政治,谭作人
政治,焦国标
政治,万润南
政治,张志新
政治,辛灝年
政治,高勤荣
政治,王炳章
政治,高智晟
政治,司马璐
政治,刘晓竹
政治,刘宾雁
政治,魏京生
政治,寻找林昭的灵魂
政治,别梦成灰
政治,谁是新中国
政治,讨伐中宣部
政治,异议人士
政治,民运人士
政治,启蒙派
政治,选国家主席
政治,民一主
政治,min主
政治,民竹
政治,民珠
政治,民猪
政治,chinesedemocracy
政治,大赦国际
政治,国际特赦
政治,da选
政治,投公
政治,公头
政治,宪政
政治,平反
政治,党章
政治,维权
政治,昝爱宗
政治,宪章
政治,08宪
政治,08xz
政治,抿主
政治,敏主
政治,人拳
政治,人木又
政治,人quan
政治,renquan
政治,中国人权
政治,中国新民党
政治,群体事件
政治,群体性事件
政治,上中央
政治,去中央
政治,讨说法
政治,请愿
政治,请命
政治,公开信
政治,联名上书
政治,万人大签名
政治,万人骚动
政治,截访
政治,上访
政治,shangfang
政治,信访
政治,访民
政治,集合
政治,集会
政治,组织集体
政治,静坐
政治,静zuo
政治,jing坐
政治,示威
政治,示wei
政治,游行
政治,you行
政治,油行
政治,游xing
政治,youxing
政治,官逼民反
政治,反party
政治,反共
政治,抗议
政治,亢议
政治,抵制
政治,低制
政治,底制
政治,di制
政治,抵zhi
政治,dizhi
政治,boycott
政治,血书
政治,焚烧中国国旗
政治,baoluan
政治,流血冲突
政治,出现暴动
政治,发生暴动
政治,引起暴动
政治,baodong
政治,灭共
政治,杀毙
政治,罢工
政治,霸工
政治,罢考
政治,罢餐
政治,霸餐
政治,罢参
政治,罢饭
政治,罢吃
政治,罢食
政治,罢课
政治,罢ke
政治,霸课
政治,ba课
政治,罢教
政治,罢学
政治,罢运
政治,网特
政治,网评员
政治,网络评论员
政治,五毛党
政治,五毛们
政治,5毛党
政治,戒严
政治,jieyan
政治,jie严
政治,戒yan
政治,8的平方事件
政治,知道64
政治,八九年
政治,贰拾年
政治,2o年
政治,20和谐年
政治,贰拾周年
政治,六四
政治,六河蟹四
政治,六百度四
政治,六和谐四
政治,陆四
政治,陆肆
政治,198964
政治,5月35
政治,89年春夏之交
政治,64惨案
政治,64时期
政治,64运动
政治,4事件
政治,四事件
政治,北京风波
政治,学潮
政治,学chao
政治,xuechao
政治,学百度潮
政治,门安天
政治,天按门
政治,坦克压大学生
政治,民主女神
政治,历史的伤口
政治,高自联
政治,北高联
政治,血洗京城
政治,四二六社论
政治,王丹
政治,柴玲
政治,沈彤
政治,封从德
政治,王超华
政治,王维林
政治,吾尔开希
政治,吾尔开西
政治,侯德健
政治,阎明复
政治,方励之
政治,蒋捷连
政治,丁子霖
政治,辛灏年
政治,蒋彦永
政治,严家其
政治,陈一咨
政治,中华局域网
政治,党的喉舌
政治,互联网审查
政治,当局严密封锁
政治,新闻封锁
政治,封锁消息
政治,爱国者同盟
政治,关闭所有论坛
政治,网络封锁
政治,金盾工程
政治,gfw
政治,无界浏览
政治,无界网络
政治,自由门
政治,何清涟
政治,中国的陷阱
政治,汪兆钧
政治,记者无疆界
政治,境外媒体
政治,维基百科
政治,纽约时报
政治,bbc中文网
政治,华盛顿邮报
政治,世界日报
政治,东森新闻网
政治,东森电视
政治,星岛日报
政治,wikipedia
政治,youtube
政治,googleblogger
政治,美国广播公司
政治,英国金融时报
政治,自由亚洲
政治,自由时报
政治,中国时报
政治,反分裂
政治,威胁论
政治,左翼联盟
政治,钓鱼岛
政治,保钓组织
政治,主权
政治,弓单
政治,火乍
政治,木仓
政治,石肖
政治,核蛋
政治,步qiang
政治,bao炸
政治,爆zha
政治,baozha
政治,zha药
政治,zha弹
政治,炸dan
政治,炸yao
政治,zhadan
政治,zhayao
政治,hmtd
政治,三硝基甲苯
政治,六氟化铀
政治,炸药配方
政治,弹药配方
政治,炸弹配方
政治,皮箱炸弹
政治,火药配方
政治,人体炸弹
政治,人肉炸弹
政治,解放军
政治,兵力部署
政治,军转
政治,军事社
政治,8341部队
政治,第21集团军
政治,七大军区
政治,7大军区
政治,北京军区
政治,沈阳军区
政治,济南军区
政治,成都军区
政治,广州军区
政治,南京军区
政治,兰州军区
政治,颜色革命
政治,规模冲突
政治,塔利班
政治,基地组织
政治,恐怖分子
政治,恐怖份子
政治,三股势力
政治,印尼屠华
政治,印尼事件
政治,蒋公纪念歌
政治,马英九
政治,mayingjiu
政治,李天羽
政治,苏贞昌
政治,林文漪
政治,陈水扁
政治,陈s扁
政治,陈随便
政治,阿扁
政治,a扁
政治,告全国同胞书
政治,台百度湾
政治,台完
政治,台wan
政治,taiwan
政治,台弯
政治,湾台
政治,台湾国
政治,台湾共和国
政治,台军
政治,台独
政治,台毒
政治,台du
政治,taidu
政治,twdl
政治,一中一台
政治,打台湾
政治,两岸战争
政治,攻占台湾
政治,支持台湾
政治,进攻台湾
政治,占领台湾
政治,统一台湾
政治,收复台湾
政治,登陆台湾
政治,解放台湾
政治,解放tw
政治,解决台湾
政治,光复民国
政治,台湾独立
政治,台湾问题
政治,台海问题
政治,台海危机
政治,台海统一
政治,台海大战
政治,台海战争
政治,台海局势
政治,入联
政治,入耳关
政治,中华联邦
政治,国民党
政治,x民党
政治,民进党
政治,青天白日
政治,闹独立
政治,duli
政治,fenlie
政治,日本万岁
政治,小泽一郎
政治,劣等民族
政治,汉人
政治,汉维
政治,维汉
政治,维吾
政治,吾尔
政治,热比娅
政治,伊力哈木
政治,疆独
政治,东突厥斯坦解放组织
政治,东突解放组织
政治,蒙古分裂分子
政治,列确
政治,阿旺晋美
政治,藏人
政治,臧人
政治,zang人
政治,藏民
政治,藏m
政治,达赖
政治,赖达
政治,dalai
政治,哒赖
政治,dl喇嘛
政治,丹增嘉措
政治,打砸抢
政治,西独
政治,藏独
政治,葬独
政治,臧独
政治,藏毒
政治,藏du
政治,zangdu
政治,支持zd
政治,藏暴乱
政治,藏青会
政治,雪山狮子旗
政治,拉萨
政治,啦萨
政治,啦沙
政治,啦撒
政治,拉sa
政治,lasa
政治,la萨
政治,藏西
政治,藏春阁
政治,藏獨
政治,藏独
政治,藏独立
政治,藏妇会
政治,藏青会
政治,藏字石
政治,xizang
政治,xi藏
政治,x藏
政治,西z
政治,tibet
政治,希葬
政治,希藏
政治,硒藏
政治,稀藏
政治,西脏
政治,西奘
政治,西葬
政治,西臧
政治,援藏
政治,bjork
政治,王千源
政治,安拉
政治,回教
政治,回族
政治,回回
政治,回民
政治,穆斯林
政治,穆罕穆德
政治,穆罕默德
政治,默罕默德
政治,伊斯兰
政治,圣战组织
政治,清真
政治,清zhen
政治,qingzhen
政治,真主
政治,阿拉伯
政治,高丽棒子
政治,韩国狗
政治,满洲第三帝国
政治,满狗
政治,鞑子
政治,江丑闻
政治,江嫡系
政治,江毒
政治,江独裁
政治,江蛤蟆
政治,江核心
政治,江黑心
政治,江胡内斗
政治,江祸心
政治,江家帮
政治,江绵恒
政治,江派和胡派
政治,江派人马
政治,江泉集团
政治,江人马
政治,江三条腿
政治,江氏集团
政治,江氏家族
政治,江氏政治局
政治,江氏政治委员
政治,江梳头
政治,江太上
政治,江戏子
政治,江系人
政治,江系人马
政治,江宰民
政治,江贼
政治,江贼民
政治,江主席
政治,麻果丸
政治,麻将透
政治,麻醉弹
政治,麻醉狗
政治,麻醉枪
政治,麻醉槍
政治,麻醉药
政治,麻醉藥
政治,台独
政治,台湾版假币
政治,台湾独立
政治,台湾国
政治,台湾应该独立
政治,台湾有权独立
政治,天灭中共
政治,中共帮凶
政治,中共保命
政治,中共裁
政治,中共党文化
政治,中共腐败
政治,中共的血旗
政治,中共的罪恶
政治,中共帝国
政治,中共独裁
政治,中共封锁
政治,中共封网
政治,中共腐败
政治,中共黑
政治,中共黑帮
政治,中共解体
政治,中共近期权力斗争
政治,中共恐惧
政治,中共权力斗争
政治,中共任用
政治,中共退党
政治,中共洗脑
政治,中共邪教
政治,中共邪毒素
政治,中共政治游戏
民生,福音会
民生,中国教徒
民生,统一教
民生,观音法门
民生,清海无上师
民生,盘古
民生,李洪志
民生,志洪李
民生,李宏志
民生,轮功
民生,法轮
民生,轮法功
民生,三去车仑
民生,氵去车仑
民生,发论工
民生,法x功
民生,法o功
民生,法0功
民生,法一轮一功
民生,轮子功
民生,车仑工力
民生,法lun
民生,fa轮
民生,法lg
民生,flg
民生,fl功
民生,falungong
民生,大法弟子
民生,大纪元
民生,dajiyuan
民生,明慧网
民生,明慧周报
民生,正见网
民生,新唐人
民生,伪火
民生,退党
民生,tuidang
民生,退dang
民生,超越红墙
民生,自fen
民生,真善忍
民生,九评
民生,9评
民生,9ping
民生,九ping
民生,jiuping
民生,藏字石
民生,集体自杀
民生,自sha
民生,zi杀
民生,suicide
民生,titor
民生,逢8必灾
民生,逢八必灾
民生,逢9必乱
民生,逢九必乱
民生,朱瑟里诺
民生,根达亚文明
民生,诺查丹玛斯
民生,人类灭亡进程表
民生,按照马雅历法
民生,推背图
民生,推bei图
民生,济世灵文
民生,诸世纪
民生,电狗
民生,电话定位器
民生,电话拦截器
民生,电话窃听
民生,电话监
民生,电话交友
民生,电话追杀系统
民生,电击枪
民生,电鸡
民生,电警棒
民生,枪出售
民生,枪的制
民生,枪货到
民生,枪决女犯
民生,枪模
民生,枪手
民生,枪销售
民生,枪械制
民生,枪子弹
民生,售步枪
民生,售纯度
民生,售单管
民生,售弹簧刀
民生,售防身
民生,售狗子
民生,售虎头
民生,售火药
民生,售假币
民生,售健卫
民生,售军用
民生,售猎枪
民生,售氯胺
民生,售麻醉
民生,售枪支
民生,售热武
民生,售三棱
民生,售手枪
民生,售五四
民生,售一元硬
民生,售子弹
民生,售左轮
民生,亚砷（酸）酐
民生,亚砷酸钾
民生,亚砷酸钠
民生,亚硒酸
民生,亚硒酸二钠
民生,亚硒酸镁
民生,亚硒酸钠
民生,亚硒酸氢钠
民生,亚硝酸乙酯
民生,亚硝酰乙氧
民生,氧化二丁基锡
民生,氧化汞
民生,氧化铊
民生,氧化亚铊
民生,氧氯化磷
民生,原装弹
民生,原子弹方法
民生,原子弹清单
民生,安眠酮
民生,代血浆
民生,普萘洛尔
民生,呋塞米
民生,西布曲明
民生,testosterone
民生,胰岛素样生长因子
民生,促红细胞生成素
民生,地西泮
民生,尼可刹米
民生,甲睾酮
民生,adrenaline
民生,erythropoietin
民生,地奈德
民生,莫达非尼
民生,氯噻嗪
民生,苯巴比妥
民生,促性腺激素
民生,泼尼松
民生,麻黄草
民生,雄烯二醇
民生,地塞米松
民生,tamoxifen
民生,strychnine
民生,androst
民生,新型毒品
民生,杜冷丁
民生,兴奋剂
民生,mdma
民生,海洛因
民生,海luo因
民生,heroin
民生,diamorphine
民生,diacetylmorphine
民生,鸦片
民生,阿芙蓉
民生,咖啡因
民生,cocain
民生,三唑仑
民生,美沙酮
民生,麻古
民生,k粉
民生,凯他敏
民生,ketamine
民生,冰毒
民生,苯丙胺
民生,cannabis
民生,大麻
民生,爱他死
民生,氯胺酮
民生,benzodiazepines
民生,甲基安非他明
民生,安非他命
民生,吗啡
民生,打人
民生,拆迁
民生,纠纷
民生,盗窃
民生,安眠酮
民生,代药物毒品类：血浆
民生,普萘洛尔
民生,呋塞米
民生,西布曲明
民生,testosterone
民生,胰岛素样生长因子
民生,促红细胞生成素
民生,地西泮
民生,尼可刹米
民生,甲睾酮
民生,adrenaline
民生,erythropoietin
民生,地奈德
民生,莫达非尼
民生,氯噻嗪
民生,苯巴比妥
民生,促性腺激素
民生,泼尼松
民生,麻黄草
民生,雄烯二醇
民生,地塞米松
民生,tamoxifen
民生,strychnine
民生,androst
民生,新型毒品
民生,杜冷丁
民生,兴奋剂
民生,mdma
民生,海洛因
民生,海luo因
民生,heroin
民生,diamorphine
民生,diacetylmorphine
民生,鸦片
民生,阿芙蓉
民生,咖啡因
民生,cocain
民生,三唑仑
民生,美沙酮
民生,麻古
民生,k粉
民生,凯他敏
民生,ketamine
民生,冰毒
民生,苯丙胺
民生,cannabis
民生,大麻
民生,爱他死
民生,氯胺酮
民生,benzodiazepines
民生,甲基安非他明
民生,安非他命
民生,吗啡
民生,morphine
民生,摇头丸
民生,迷药
民生,乖乖粉
民生,narcotic
民生,麻醉药
民生,精神药品
民生,专业代理
民生,帮忙点一下
民生,帮忙点下
民生,请点击进入
民生,详情请进入
民生,私人侦探
民生,私家侦探
民生,针孔摄象
民生,调查婚外情
广告,信用卡提现
广告,无抵押贷款
广告,广告代理
民生,原音铃声
广告,借腹生子
民生,找个妈妈
民生,找个爸爸
民生,代孕妈妈
民生,代生孩子
民生,代开发票
民生,腾讯客服电话
民生,销售热线
民生,免费订购热线
民生,低价出售
民生,款到发货
民生,回复可见
民生,连锁加盟
民生,加盟连锁
民生,免费二级域名
民生,免费使用
民生,免费索取
民生,蚁力神
民生,婴儿汤
民生,售肾
民生,刻章办
民生,买小车
民生,套牌车
民生,玛雅网
民生,电脑传讯
民生,视频来源
民生,下载速度
民生,高清在线
民生,全集在线
民生,在线播放
民生,txt下载
民生,六位qq
民生,6位qq
民生,位的qq
民生,个qb
民生,送qb
民生,用刀横向切腹
民生,完全自杀手册
民生,四海帮
广告,足球投注
广告,地下钱庄
民生,中国复兴党
民生,阿波罗网
民生,曾道人
民生,改卷内幕
民生,替考试
民生,隐形耳机
民生,出售答案
民生,考中答案
民生,答an
民生,da案
民生,资金周转
民生,救市
民生,股市圈钱
民生,崩盘
民生,资金短缺
民生,证监会
民生,质押贷款
民生,小额贷款
民生,周小川
民生,刘明康
民生,尚福林
民生,孔丹
民生,汉芯造假
民生,杨树宽
民生,中印边界谈判结果
民生,喂奶门
民生,摸nai门
民生,酒瓶门
民生,脱裤门
民生,75事件
民生,乌鲁木齐
民生,新疆骚乱
民生,针刺
民生,打针
民生,食堂涨价
民生,饭菜涨价
民生,h1n1
民生,瘟疫爆发
民生,yangjia
民生,y佳
民生,yang佳
民生,杨佳
民生,杨j
民生,袭警
民生,杀警
民生,武侯祠
民生,川b26931
民生,贺立旗
民生,周正毅
民生,px项目
民生,骂四川
民生,家l福
民生,家le福
民生,加了服
民生,麦当劳被砸
民生,豆腐渣
民生,这不是天灾
民生,龙小霞
民生,震其国土
民生,yuce
民生,提前预测
民生,地震预测
民生,隐瞒地震
民生,李四光预测
民生,蟾蜍迁徙
民生,地震来得更猛烈
民生,八级地震毫无预报
民生,踩踏事故
民生,聂树斌
民生,万里大造林
民生,陈相贵
民生,张丹红
民生,尹方明
民生,李树菲
民生,王奉友
民生,零八奥运艰
民生,惨奥
民生,奥晕
民生,凹晕
民生,懊运
民生,懊孕
民生,奥孕
民生,奥你妈的运
民生,反奥
民生,628事件
民生,weng安
民生,wengan
民生,翁安
民生,瓮安事件
民生,化工厂爆炸
民生,讨回工资
民生,代办发票
民生,代办各
民生,代办文
民生,代办学
民生,代办制
民生,代辦
民生,代表烦
民生,代开发票
民生,代開
民生,代考
民生,代理发票
民生,代理票据
民生,代您考
民生,代讨债
民生,代写毕
民生,代写论文
民生,代孕
民生,代追债
民生,考后付款
民生,考机构
民生,考考邓
民生,考联盟
民生,考前答案
民生,考前付
民生,考前密卷
民生,考前预测
民生,考试答案
民生,考试作弊器
民生,考试包过
民生,考试保
民生,考试答案
民生,考试机构
民生,考试联盟
民生,考试枪
民生,考试作弊
民生,考试作弊器
民生,考研考中
民生,考中答案
民生,透视功能
民生,透视镜
民生,透视扑
民生,透视器
民生,透视眼睛
民生,透视眼镜
民生,透视药
民生,透视仪
民生,打死经过
民生,打死人
民生,打砸办公
民生,打砸抢
民生,安眠酮
民生,代血浆
民生,普萘洛尔
民生,呋塞米
民生,西布曲明
民生,testosterone
民生,胰岛素样生长因子
民生,促红细胞生成素
民生,地西泮
民生,尼可刹米
民生,甲睾酮
民生,adrenaline
民生,erythropoietin
民生,地奈德
民生,莫达非尼
民生,氯噻嗪
民生,苯巴比妥
民生,促性腺激素
民生,泼尼松
民生,麻黄草
民生,雄烯二醇
民生,地塞米松
民生,tamoxifen
民生,strychnine
民生,androst
民生,新型毒品
民生,杜冷丁
民生,兴奋剂
民生,mdma
民生,海洛因
民生,海luo因
民生,heroin
民生,diamorphine
民生,diacetylmorphine
民生,鸦片
民生,阿芙蓉
民生,咖啡因
民生,cocain
民生,三唑仑
民生,美沙酮
民生,麻古
民生,k粉
民生,凯他敏
民生,ketamine
民生,冰毒
民生,苯丙胺
民生,cannabis
民生,大麻
民生,爱他死
民生,氯胺酮
民生,benzodiazepines
民生,甲基安非他明
民生,安非他命
民生,吗啡
民生,KC短信
民生,KC嘉年华
民生,短信广告
民生,短信群发
民生,短信群发器
民生,小6灵通
民生,短信商务广告
民生,段录定
民生,无界浏览
民生,无界浏览器
民生,无界
民生,无网界
民生,无网界浏览
民生,无帮国
民生,KC提示
民生,KC网站
民生,UP8新势力
民生,白皮书
民生,UP新势力
民生,移民
民生,易达网络卡
民生,安魂网
民生,罢工
民生,罢课
民生,纽崔莱七折
民生,手机复制
民生,手机铃声
民生,网关
民生,神通加持法
民生,全1球通
民生,如6意通
民生,清仓
民生,灵动卡
民生,答案卫星接收机
民生,高薪养廉
民生,考后付款
民生,佳静安定片
民生,航空母舰
民生,航空售票
民生,号码百事通
民生,考前发放
民生,成本价
民生,诚信通手机商城
民生,高利贷
民生,联4通
民生,黑庄
民生,黑手党
民生,黑车
民生,联通贵宾卡
民生,联总
民生,联总这声传单
民生,联总之声传单
民生,高息贷款
民生,高干子弟
民生,恭喜你的号码
民生,恭喜您的号码
民生,高干子女
民生,各个银行全称
民生,各种发票
民生,高官
民生,高官互调
民生,高官子女
民生,喝一送一
民生,卡号
民生,复制
民生,监听王
民生,传单
民生,旦科
民生,钓鱼岛
民生,钓鱼台
民生,当官靠后台
民生,党校安插亲信
民生,传九促三
民生,客户端非法字符
民生,刻章
民生,大麻树脂
民生,大麻油
民生,大法
民生,大法弟子
民生,dpp大法
民生,fa lun
民生,falu
民生,发抡
民生,发抡功
民生,洗脑
民生,下法轮
民生,发轮
民生,发伦
民生,发伦功
民生,发仑
民生,发沦
民生,发纶
民生,发论
民生,发论功
民生,发论公
民生,发正念
民生,发囵
民生,发愣
民生,发瞟
民生,罚抡
民生,罚伦
民生,罚仑
民生,罚沦
民生,罚纶
民生,罚囵
民生,筏抡
民生,筏轮
民生,筏伦
民生,筏仑
民生,筏沦
民生,筏纶
民生,筏论
民生,筏囵
民生,伐抡
民生,伐轮
民生,伐伦
民生,伐仑
民生,伐沦
民生,伐论
民生,伐囵
民生,乏抡
民生,乏轮
民生,乏伦
民生,乏仑
民生,乏沦
民生,乏纶
民生,乏论
民生,乏囵
民生,阀抡
民生,阀伦
民生,阀仑
民生,阀沦
民生,阀纶
民生,阀论
民生,阀囵
民生,法 轮 功
民生,法*功
民生,法.轮.功
民生,法L功
民生,法lun功
民生,法功
民生,法会
民生,法抡
民生,法抡功
民生,法轮
民生,法轮大法
民生,法轮佛法
民生,法轮功
民生,法伦
民生,法仑
民生,法沦
民生,法纶
民生,法论
民生,法十轮十功
民生,法西斯
民生,法院
民生,法正
民生,法谪
民生,法谪功
民生,法輪
民生,法囵
民生,法愣
民生,珐.輪功
民生,珐抡
民生,珐轮
民生,珐伦
民生,珐仑
民生,珐沦
民生,五不
民生,五不争鸣论坛
民生,五出三进
民生,五套功法
民生,邝锦文
民生,垡抡
民生,垡轮
民生,垡伦
民生,垡仑
民生,垡沦
民生,垡纶
民生,垡论
民生,垡囵
民生,茳澤民
民生,荭志
民生,闳志
民生,闵维方
民生,氵去
民生,氵去车仑工力
民生,转法轮
民生,砝抡
民生,砝轮
民生,砝伦
民生,砝仑
民生,砝沦
民生,砝纶
民生,真、善、忍
民生,真理教
民生,真善美
民生,真善忍
民生,砝论
民生,砝囵
民生,泓志
民生,屙民
民生,珐纶
民生,珐论
民生,珐囵
民生,falun
民生,Falundafa
民生,fa轮
民生,Flg
民生,弟子
民生,地下教会
民生,炼功
民生,梦网洪志
民生,轮大
民生,抡功
民生,轮功
民生,伦功
民生,摩门教
民生,三水法轮
民生,三唑仑
民生,天皇
民生,天怒
民生,天葬
民生,车臣
民生,达赖
民生,功法
民生,讲法
民生,基督
民生,基督教
民生,护法
民生,回教
民生,教徒
民生,功友
民生,大师
民生,达赖喇嘛
民生,虹志
民生,鸿志
民生,洪传
民生,贯通两极法
民生,光祖
民生,洪吟
民生,宏法
民生,观世音
民生,宏志
民生,弘志
民生,古兰经
民生,红志
民生,车库
民生,车仑
民生,经文
政治,腐败
政治,贪污
政治,gcd
政治,共贪党
政治,gongchandang
政治,阿共
政治,共一产一党
政治,产党共
政治,公产党
政治,工产党
政治,共c党
政治,共x党
政治,共铲
政治,供产
政治,共惨
政治,供铲党
政治,供铲谠
政治,供铲裆
政治,共残党
政治,共残主义
政治,共产主义的幽灵
政治,拱铲
政治,老共
政治,中珙
政治,中gong
政治,gc党
政治,贡挡
政治,gong党
政治,g产
政治,狗产蛋
政治,共残裆
政治,恶党
政治,邪党
政治,共产专制
政治,共产王朝
政治,裆中央
政治,土共
政治,土g
政治,共狗
政治,g匪
政治,共匪
政治,仇共
政治,共产党腐败
政治,共产党专制
政治,共产党的报应
政治,共产党的末日
政治,共产党专制
政治,communistparty
政治,症腐
政治,政腐
政治,政付
政治,正府
政治,政俯
政治,政f
政治,zhengfu
广告,帮帮忙
政治,政zhi
政治,挡中央
政治,档中央
政治,中国zf
政治,中央zf
政治,国wu院
政治,中华帝国
政治,gong和
政治,大陆官方
政治,北京政权
广告,不吃药不打针
政治,买别墅
政治,玩女人
政治,贪20亿
政治,贪财物
政治,政治财富
政治,落马
政治,高官名单
政治,陈希同
政治,贪污
政治,玩忽职守
政治,有期徒刑
政治,陈良宇
政治,受贿罪
政治,滥用职权
政治,有期徒刑
政治,没收个人财产
政治,死刑
政治,严重违纪
政治,开除党籍
政治,撤销职务
政治,无期徒刑
政治,徇私舞弊
政治,以权谋私
政治,撤职。
政治,死刑缓期
政治,自杀
政治,双规
政治,判处死刑
政治,剥夺政治权利终身
政治,没收个人全部财产
政治,剥夺政治权利
政治,叛逃美国
政治,起诉
政治,违纪
政治,收受股票
政治,蓝田造假案
政治,留党察看
政治,官僚主义
政治,托乎提沙比尔
政治,经济犯罪
政治,畏罪自杀。
政治,巨额财产
政治,来源不明罪
政治,双开
政治,《动向》
政治,《争鸣》
政治,《中国民主》
政治,322攻台作战计划
政治,38集团军
广告,3D轮盘
广告,64大屠杀
广告,6合彩
广告,六合彩
政治,70天大事记
政治,89学潮大屠杀
政治,89学潮血腥屠杀
民生,BB弹
民生,BB枪
民生,fa轮
民生,FL大法
广告,SIM卡复制器
色情,SM用品
民生,阿凡提机
民生,爱国运动正名
民生,爱国者同盟网站
色情,爱液横流
民生,安眠藥
民生,暗访包
政治,八九民
政治,八九学
政治,八九政治
政治,把病人整
政治,把邓小平
政治,把学生整
政治,罢工门
广告,百家乐
广告,百乐二呓
民生,拜大哥
民生,斑蝥
广告,办本科
广告,办理本科
广告,办理各种
广告,办理票据
广告,办理文凭
广告,办理真实
广告,办理证件
广告,办理证书
广告,办理资格
广告,办文凭
广告,办怔
广告,办证
民生,半刺刀
广告,办毕业
广告,辦證
广告,帮人怀孕
政治,谤罪获刑
广告,磅解码器
广告,磅遥控器
广告,包办色情娱乐服务
广告,包青天机
广告,包养
广告,保过答案
民生,报复执法
色情,暴菊
民生,暴力袭警
民生,暴力执法
色情,爆发骚
色情,爆菊
民生,北京帮
政治,北京独立
政治,北京风波
政治,北京黑幕
政治,北京市委黑幕
政治,北京政坛清华名人
政治,北美巡回讲法
政治,北省委门
民生,被指抄袭
政治,被中共
民生,避孕膜
色情,鞭满
广告,变牌
广告,变牌绝
民生,冰毒
民生,冰火毒
民生,冰火佳
民生,冰火九重
色情,冰火漫
色情,冰淫传
民生,冰在火上
色情,波胆
色情,波推龙
广告,博彩
广告,博彩娱
广告,博会暂停
广告,博园区伪
民生,不查都
民生,不查全
民生,布卖淫女
政治,部是这样
广告,财众科技
色情,采花堂
广告,彩宝
广告,彩票
广告,彩票选号机
广告,彩票预测
民生,苍山兰
民生,苍蝇水
色情,操了嫂
低俗,操你妈
色情,操嫂子
色情,厕奴
色情,插屁屁
民生,察象蚂
民生,拆迁灭
民生,禅密功
民生,车仑大法
广告,车牌隐
广告,车用电子狗
民生,成佛做主
民生,城管灭
民生,惩公安
政治,惩贪难
广告,持枪证
广告,充气娃
民生,冲凉死
民生,抽着大中
民生,抽着芙蓉
广告,出成绩付
广告,出售发票
广告,出售假币
广告,出售军
广告,出售器官
广告,出售肾
广告,穿透仪器
政治,传九退三
广告,传送答案
民生,吹箭
色情,春宫
色情,春宫图
色情,春水横溢
色情,春药
民生,纯度白
民生,纯度黄
民生,慈悲功
广告,次通过考
民生,催眠水
民生,催情粉
民生,催情药
民生,催情藥
民生,挫仑
广告,达毕业证
民生,达赖
政治,达米宣教会
广告,答案包
广告,答案提供
民生,大法弟子
民生,大法轮
民生,大法修炼者
低俗,大鸡巴
低俗,大雞巴
色情,大妓院
政治,大揭露
低俗,大奶子
政治,大批贪官
色情,大肉棒
政治,大学暴动
民生,大圆满法
广告,贷借款
广告,贷开
广告,弹种
民生,当代七整
民生,当官要精
民生,当官在于
政治,党风日下
政治,党棍
政治,党后萎
政治,党禁
政治,党内权力
政治,党内权争
政治,党内危机
政治,党内言事潮
政治,党前干劲
低俗,荡妇
民生,刀架保安
民生,导爆索
政治,导的情人
政治,导叫失
政治,导人的最
政治,导人最
政治,导小商
政治,到花心
广告,盗号
广告,盗取qq
广告,盗取密码
广告,得财兼
民生,灯草和
广告,等级證
民生,等人老百
民生,等人是老
民生,等人手术
政治,邓爷爷转
政治,邓颖超日记
政治,邓玉娇
政治,抵制北京奥运
广告,地磅解码器
广告,地磅遥控器
民生,地产之歌
政治,地下先烈
政治,帝国之梦
政治,递进民主
政治,递纸死
政治,第二首都
政治,第三次世界大战
政治,第五代红人
政治,第五代接班梯队
政治,颠覆共产党
政治,颠覆共产主义
政治,颠覆胡锦涛
政治,颠覆温家宝
政治,颠覆中共
政治,颠覆朱镕基
广告,点金商务
广告,点数优惠
广告,电子狗导航手机
民生,甸果敢
民生,蝶舞按
民生,丁香社
民生,顶花心
广告,顶贴机
广告,顶帖器
政治,东北独立
色情,东京热
政治,东突
政治,东伊运
色情,東京熱
色情,洞小口紧
低俗,都当小姐
政治,都进中央
色情,毒蛇钻
低俗,独夫民贼
政治,独立台湾
广告,赌博机
广告,赌恒指
广告,赌具
广告,赌球
广告,赌球网
广告,短信截
广告,短信猫
广告,短信群发
广告,短信投票业务
政治,对共产党清算
政治,对日强硬
政治,多党执政
广告,俄罗斯轮盘
广告,俄羅斯
政治,恶党
政治,恶搞人民币
政治,恶警
民生,恶势力操
民生,恶势力插
民生,恩氟烷
民生,儿园惨
民生,儿园砍
民生,儿园杀
民生,儿园凶
民生,二奶大
政治,二十四事件
民生,发仑da发
民生,发伦工
民生,发轮功
民生,发轮功陈果
广告,发牌绝
广告,发票出
广告,发票代
广告,发票代开
广告,发票销
广告,发贴工具
广告,发贴机
广告,發票
政治,反测速雷
政治,反对共产党
政治,反对共产主义
政治,反腐总攻
政治,反攻大陆
政治,反共传单
政治,反共言论
民生,反雷达测
民生,反雷达测速
民生,反屏蔽
民生,反社会主义
民生,反中共黑色暴力
民生,迷香
民生,芳香型智悟气功
广告,防电子眼
广告,防身枪
广告,防身药水
广告,房贷给废
民生,仿真枪
民生,仿真手枪
民生,仿真证
民生,费私服
民生,封锁消
民生,佛怀煽仇录
民生,佛同修
色情,夫妻交换
民生,福尔马林
色情,妇销魂
民生,附送枪
广告,复印件生
广告,复印件制
民生,赴港生子
民生,富民穷
民生,富婆给废
广告,改号软件
广告,干扰器
广告,感扑克
广告,冈本真
色情,肛交
色情,肛门是邻
广告,岡本真
广告,钢针狗
民生,钢珠枪
广告,港澳博球
民生,港馬會
民生,高就在政
广告,高考答案
广告,高考黑
色情,搞媛交
民生,告洋状
广告,格证考试
政治,蛤蟆转世
广告,个人圆满说
广告,个四小码
广告,个邪的党
广告,各类考试
广告,各类文凭
广告,根浴
广告,跟帖器
广告,跟踪器
民生,工程吞得
广告,弓弩
广告,公安错打
广告,公开小姐
政治,攻官小姐
广告,供应发票
政治,共产主义黑皮书
政治,共和国2049
政治,共青背景
政治,共青团派
政治,共王储
政治,共字玄机
低俗,狗娘养的
低俗,狗屁专家
低俗,狗日的
低俗,狗友
民生,古方迷香
民生,鼓动一些
民生,乖乖粉
民生,观音法门
政治,官匪一家
政治,官商勾
政治,官也不容
政治,官因发帖
广告,光学真题
政治,广安事件
政治,广场事件
政治,跪真相
色情,滚圆大乳
广告,国办发
广告,国际投注
政治,国家妓
政治,国家软弱
政治,国家吞得
政治,国库折
政治,国统纲领
政治,国统会
政治,国一九五七
政治,國內美
民生,哈狗帮
广告,哈药直销
民生,海访民
民生,海洛因
民生,豪圈钱
广告,号屏蔽器
广告,合彩
色情,和狗交
色情,和狗性
色情,和狗做
民生,黑火药的
民生,黑社会
民生,红病历
民生,红客联盟
民生,红色恐怖
广告,红外透视
民生,洪志
政治,紅色恐
政治,胡的接班人
政治,胡江风云
政治,胡江关系
政治,胡江内斗
政治,胡江曾
政治,胡江争斗
政治,胡紧掏
政治,胡紧套
政治,胡锦涛腐败
政治,胡錦濤
政治,胡进涛
政治,胡派军委
政治,胡派人马
政治,胡适眼
政治,胡下台
政治,胡耀邦
色情,湖淫娘
政治,华藏功
政治,华国锋
政治,华门开
广告,化学扫盲
色情,还会吹萧
政治,还看锦涛
广告,环球证件
色情,换妻
广告,皇冠投注
广告,皇家轮盘
民生,黄菊遗孀
色情,黄色电影
色情,黄色小电影
政治,回汉冲突
政治,回民暴动
低俗,回民猪
政治,回忆六四
民生,昏药
色情,浑圆豪乳
民生,活不起
民生,活体取肾
民生,活摘器官
广告,机器定位
广告,机号定
广告,机号卫
广告,机卡密
广告,机屏蔽器
低俗,鸡巴
民生,积克馆
低俗,基本靠吼
民生,基督灵恩布道团
广告,绩过后付
广告,激光气
广告,激光汽
政治,激流中国
色情,激情电影
色情,激情图片
色情,激情电
色情,激情电话
色情,激情电影
色情,激情短
色情,激情交友
色情,激情妹
色情,激情炮
色情,激情视频
色情,激情小电影
广告,级办理
广告,级答案
广告,急需嫖
广告,疾病业债说
民生,集体打砸
民生,集体腐
民生,集体抗议
广告,挤乳汁
色情,擠乳汁
广告,记号扑克
政治,纪念达赖喇嘛流亡49周年
政治,纪念文革
色情,寂寞少妇
广告,加油机干扰器
民生,佳静安定
民生,佳静安定片
民生,家属被打
民生,甲虫跳
民生,甲流了
广告,假币出售
广告,假发票
广告,假文凭
广告,假证件
色情,奸成瘾
民生,奸杀
广告,兼职上门
广告,监听器
广告,监听头
广告,监听王
民生,监狱管理局
民生,监狱里的斗争
低俗,贱货
低俗,贱人
政治,江z民
政治,疆獨
政治,疆独
民生,讲法传功
色情,叫鸡
色情,叫自慰
政治,揭贪难
色情,姐包夜
色情,姐服务
色情,姐兼职
色情,姐上门
广告,解码开锁
广告,解密软件
政治,解体的命运
政治,解体中共
政治,金扎金
政治,津大地震
政治,津地震
政治,津人治津
政治,京地震
政治,京要地震
色情,精子射在
民生,警察被
民生,警察的幌
民生,警察殴打
民生,警察说保
政治,警方包庇
政治,警匪一家
政治,警徽
民生,警民冲突
民生,警用品
民生,径步枪
政治,靖国神社
广告,究生答案
政治,九龙论坛
政治,九评共
政治,九十三运动
民生,酒象喝汤
民生,酒像喝汤
民生,救度众生说
色情,就爱插
色情,菊暴
色情,菊爆
色情,菊花洞
政治,举国体
色情,巨乳
民生,据说全民
民生,绝食声
政治,军长发威
民生,军刺
民生,军品特
民生,军用手
民生,军转
政治,卡辛纳大道和三福大道交界处
其他,开邓选
民生,开平轮奸
民生,开平受辱
广告,开锁工具
其他,开天目
广告,開碼
广告,開票
民生,砍杀幼
民生,砍伤儿
色情,看JJ
民生,抗议磁悬浮
政治,抗议中共当局
广告,磕彰
民生,克分析
民生,克千术
民生,克透视
民生,嗑药
民生,空和雅典
民生,空中民主墙
民生,孔摄像
广告,恐共
政治,控诉世博
政治,控制媒
色情,口交
民生,口手枪
色情,口淫
民生,骷髅死
民生,矿难不公
民生,昆仑女神功
民生,拉帮游说
民生,拉登说
民生,拉票贿选
政治,拉萨僧人接连抗议
民生,来福猎
广告,拦截器
色情,浪穴
广告,老虎机
广告,乐透码
民生,雷管
广告,类准确答
民生,李大轮子
民生,李红痔
民生,李洪X
民生,李洪志
民生,李伟信的笔供
广告,理各种证
广告,理证件
广告,理做帐报
政治,力骗中央
政治,历史的伤口
政治,联盟党
民生,练功群众
民生,炼大法
政治,两岸才子
政治,两会代
政治,两会又三
色情,聊斋艳
民生,猎枪
民生,猎枪销
民生,临震预报
政治,领导忽悠百姓叫号召
政治,流亡藏人
政治,流血事件
广告,畅玩万人
广告,上庄
广告,六HE彩
广告,六合采
广告,六合彩
广告,报名
广告,转发
政治,六四内部日记
政治,六四事
政治,六四事件
广告,所有人
广告,全体成员
政治,六四受难者家属证辞
政治,六四信息
政治,六四资料馆
政治,六月联盟
政治,龙湾事件
广告,隆手指
广告,漏题
其他,陆封锁
其他,陆同修
政治,旅游新报
其他,氯胺酮
其他,轮手枪
其他,轮子小报
广告,论文代
其他,落霞缀
低俗,妈了个逼
其他,麻果配
民生,麻醉乙醚
政治,蟆叫专家
政治,买官卖官
民生,买枪
广告,买肾
民生,买真枪
广告,卖QQ号码
广告,卖春
广告,卖地财政
广告,卖发票
广告,卖枪
广告,卖身
广告,卖肾
广告,卖血
广告,卖银行卡
广告,卖自考
广告,猫眼工具
政治,毛时代大饥荒揭秘
政治,毛一鲜
政治,毛泽东复活
政治,毛泽东侄子
政治,毛主席的嫡孙
政治,媒体封锁
政治,每周一死
广告,门按摩
广告,门保健
广告,门徒会
广告,門服務
广告,氓培训
政治,蒙古回归
民生,蒙汗药
民生,蒙汗药粉
广告,免电灯
广告,免费电影
政治,灭共
政治,灭绝罪
政治,灭中共
政治,民储害
政治,民九亿商
政治,民抗议
政治,民殇
民生,群殴
政治,民运分子
政治,民主不能等待
政治,民主还专政
政治,民主女神
政治,民族问题
民生,明慧网
民生,明镜出版社
民生,铭记印尼
民生,摩小姐
民生,魔难论
民生,末世劫难
民生,末世论
民生,牟新生
民生,母乳家
色情,母子乱伦
民生,木齐针
民生,幕没有不
民生,幕前戲
色情,内射
政治,内争人权
色情,男妓
色情,男奴
色情,嫩逼
色情,嫩穴
色情,嫩阴
低俗,泥马之歌
色情,娘两腿之间
民生,鸟巢最少死
色情,妞上门
色情,纽扣摄像机
色情,女被人家搞
色情,女奴
色情,女上门
色情,女優
民生,拍肩药
民生,拍肩神
民生,拍肩神药
民生,拍肩醉迷药
广告,牌技网
政治,派系斗争
民生,跑官要官
色情,泡友
广告,陪考枪
广告,赔率
色情,喷尿
色情,嫖鸡
色情,嫖妓
政治,平惨案
政治,平反六四
民生,普提功
民生,普通嘌
广告,期货配
色情,奇淫散
广告,汽车解码器
广告,汽车走表器
民生,汽狗
民生,汽枪
民生,氣槍
广告,器官贩卖
民生,千禧弘法
民生,铅弹
民生,钱三字经
政治,强权政府
广告,强效失忆药
政治,强硬发言
民生,抢其火炬
广告,切听器
广告,窃听
广告,窃听器
政治,亲共
政治,亲共分子
政治,亲共媒体
政治,侵犯国外专利
政治,钦点接班人
民生,禽流感了
民生,勤捞致
政治,沁园春血
政治,青海无上师
政治,氢弹手
政治,清场内幕
政治,清除负面
民生,清純壆
其他,清官团
其他,清海师父
其他,清海无上师
其他,清华帮
其他,情聊天室
色情,情妹妹
色情,情色论坛
民生,情杀
色情,情自拍
民生,氰化钾
民生,氰化钠
民生,请集会
民生,请示威
政治,娶韩国
政治,全范围教会
民生,全真证
广告,全自动开锁器
色情,犬交
广告,群发广告机
广告,膏药
广告,投资
广告,金融
广告,游戏
广告,火锅
广告,赚钱
广告,真实有效
广告,加盟
广告,餐饮
广告,紧急通知
广告,群发软件
色情,群奸暴
政治,群起抗暴
民生,群体灭绝
民生,群体性事
民生,群众冲击
民生,绕过封锁
民生,人祸
民生,人类灭亡时间表
民生,人类罪恶论
民生,人民币恶搞
民生,人权保护
民生,人宇特能功
政治,任于斯国
低俗,日你妈
民生,日月气功
民生,容弹量
色情,柔胸粉
政治,软弱的国
政治,软弱外交
政治,瑞安事件
民生,萨斯病
民生,赛后骚
民生,赛克网
民生,三班仆人派
色情,三股势力
色情,三级电影
色情,三级影片
色情,三级片
政治,三三九乘元功
民生,三唑
民生,三唑仑
政治,扫了爷爷
政治,杀害学生
政治,杀指南
政治,沙皇李长春
低俗,傻逼
政治,煽动不明
政治,煽动群众
广告,商务短信
广告,商务快车
民生,上海帮
政治,上海独立
广告,上网文凭
民生,烧公安局
其他,少妇自拍
其他,社会混
其他,社会主义灭亡
其他,射网枪
其他,涉台政局
其他,涉嫌抄袭
其他,身份证生成器
其他,深喉冰
其他,神的教会
其他,神七假
其他,神韵艺术
其他,神州忏悔录
其他,沈昌功
其他,沈昌人体科技
其他,肾源
其他,升达毕业证
其他,生被砍
其他,生踩踏
其他,生孩子没屁眼
其他,生命树的分叉
其他,生肖中特
其他,生意宝
其他,圣殿教
其他,圣火护卫
其他,圣灵重建教会
其他,圣战不息
其他,盛行在舞
其他,尸博
其他,失身水
其他,失意药
其他,师涛
其他,狮子旗
政治,十八大接班人
政治,十八等
政治,十大独裁
民生,预言
政治,十七大幕
政治,十七大权力争霸战
政治,十七大人事安排
政治,十七位老部长
广告,实毕业证
其他,实际神
其他,实体娃
其他,实学历文
其他,士的年
其他,士的宁
其他,士康事件
其他,独裁者
其他,世界之门
其他,式粉推
其他,视解密
其他,手变牌
其他,手狗
其他,手机定位器
其他,手机窃听
其他,手机复制
其他,手机跟
其他,手机跟踪定位器
其他,手机监听
其他,手机监听器
其他,手机卡复制器
其他,手机魔卡
其他,手机窃听器
其他,手机追
其他,手木仓
其他,手枪
其他,守所死法
其他,兽交
其他,书办理
其他,熟妇
其他,术牌具
其他,双管立
其他,双管平
其他,谁是胡的接班人
其他,谁是新中国
其他,谁为腐败晚餐买单
其他,水阎王
其他,税务总局致歉
其他,丝护士
其他,丝情侣
其他,丝袜恋
其他,丝袜妹
其他,丝袜网
其他,丝足按
其他,司长期有
其他,司法黑
其他,司考答案
其他,司马璐回忆录
其他,私房写真
其他,私服
其他,私家侦探服务
其他,死法分布
其他,死刑现场
其他,死要见毛
其他,四博会
其他,四川大地震异象揭密
其他,四大扯
其他,四二六社论
其他,四六级答案
其他,饲养基地
其他,诉讼集团
其他,素女自拍
其他,素女心
其他,速代办
其他,速取证
民生,酸羟亚胺
广告,缩阴
民生,蹋纳税
民生,太王四神
民生,太王四神记
民生,泰兴幼
民生,泰兴镇中
民生,泰州幼
民生,贪官也辛
民生,探测狗
政治,涛共产
政治,涛一样胡
政治,讨厌中国
广告,套牌车
政治,特别党费
政治,特务机构
广告,体透视镜
广告,替考
政治,天安门事件
政治,天朝
政治,天推广歌
政治,天要灭
政治,天音功
政治,庭审直播
政治,通钢总经
其他,同盟党
其他,统一教
其他,统治术
其他,偷電器
其他,偷啪dv
其他,偷肃贪
其他,偷听器
其他,偷偷贪
其他,头双管
其他,投毒杀人
其他,投注站
其他,骰子
其他,秃鹰汽
其他,突破封锁
其他,突破网路
其他,屠杀学生
其他,土炮
其他,土枪
其他,推翻独裁
其他,推油按
色情,脱衣舞
其他,脱衣艳
其他,瓦斯手
其他,袜按摩
其他,外蒙回归
其他,外透视镜
其他,外围赌球
其他,万法归一功
其他,万能钥匙
其他,万人骚动
其他,王立军
其他,王益案
其他,网络封锁
其他,网络警察
其他,网民案
其他,网民获刑
其他,网民诬
其他,网站推广软件
其他,微型监控
其他,微型摄像
政治,为党不为国
其他,围攻上海
其他,维汉员
其他,维权基
其他,维权人
其他,维权谈
其他,伪基百科
其他,伪政府
其他,委坐船
其他,卫星高频头
其他,卫星广播器材
其他,谓的和谐
其他,魏京生
政治,温加饱
政治,温家宝腐败
政治,温家堡
政治,温切斯特
政治,温休曾退
政治,温影帝
政治,溫家寶
政治,瘟加饱
政治,瘟家宝
政治,瘟假饱
其他,文凭证
其他,纹了毛
其他,闻被控制
其他,闻封锁
其他,瓮安
其他,我的西域
其他,我搞台独
其他,我们自杀吧
其他,我虽死去
其他,乌蝇水
其他,乌云其木格
其他,无帮国
其他,无耻语录
其他,无官正
其他,无界浏览器
其他,无人性的政权
其他,无网界
其他,无线监听
其他,吾爾開希
其他,五套功
其他,午夜电
其他,午夜极
民生,武警暴
其他,武警殴
民生,武警已增
其他,武力镇压
其他,武装镇压
其他,务员答案
其他,务员考试
其他,雾型迷
政治,西藏独立
政治,西藏国家民主党
政治,西藏人民大起义
政治,西藏作家组织
其他,西服进去
其他,希脏
政治,习进平
政治,习晋平
政治,席复活
政治,席临终前
其他,席指着护
其他,洗澡死
其他,喜贪赃
其他,先烈纷纷
其他,现大地震
其他,现金投注
政治,现在的党
政治,现在的公安
政治,现在的共产党
政治,现在的警察
政治,现在的社会
政治,现在的政府
其他,线透视镜
其他,限制言
其他,陷害案
其他,陷害罪
其他,霰弹
其他,香港彩
其他,香港独立
其他,香港马会
其他,香港一类
其他,香港总彩
其他,向巴平措
其他,消防灭火枪
其他,消防枪
其他,消业之说
其他,硝化甘
其他,小电影
其他,小活佛
其他,小姐按摩
其他,小姐上门
其他,肖中特
其他,校骚乱
其他,写两会
其他,泄漏的内
其他,新疆暴乱
其他,新疆独立
其他,新疆叛
其他,新疆限
其他,新金瓶
其他,新生网
其他,新唐人
其他,新搪人
其他,态度蛮横
其他,新中华战记
其他,信访专班
其他,信用卡套现
其他,兴华论谈
其他,兴中心幼
其他,行长王益
其他,形透视镜
其他,性推广歌
其他,性息
其他,胸主席
其他,修炼大法
其他,学骚乱
其他,学生领袖
其他,学位證
其他,血溅人民天堂
其他,血染的风采
其他,血色京机
其他,血色京畿
其他,血腥清场
其他,循环轮回论
其他,言被劳教
其他,言论罪
其他,盐酸曲
其他,颜射
其他,眼镜透视
其他,燕玲论坛
其他,恙虫病
其他,摇头丸
其他,遥控信号拦截器
其他,要射精了
其他,要射了
其他,要泄了
其他,业力回报
其他,业力轮
其他,夜半加税
其他,夜激情
其他,液体炸
其他,一党独裁
其他,一党私利
其他,一党执政
其他,一党专政
其他,一卡多号
其他,一氯丙酮
其他,一氯乙醛
其他,一码中特
其他,一通功
其他,一通健康法
其他,一小撮别
其他,一氧化二氟
其他,一氧化汞
其他,一夜激情
其他,伊皮恩
其他,遗情书
其他,乙酰替硫脲
其他,乙酰亚砷酸铜
其他,异硫氰酸烯丙酯
其他,异氰酸苯酯
其他,异氰酸甲酯
其他,因毒磷
其他,因毒硫磷
其他,银氰化钾
其他,银行卡复制设备
其他,隐蔽式摄像机
其他,隐形摄像机
其他,隐形耳
其他,隐形耳机
其他,隐形喷剂
其他,隐形摄像机
其他,应子弹
其他,婴儿命
其他,婴儿汤
其他,罂粟壳
其他,罂粟籽
其他,蝇毒
其他,影子政府
其他,雍战胜
其他,永伏虫
其他,咏妓
其他,用手枪
其他,优化官员
其他,幽谷三
其他,游精佑
其他,游戏机破解
其他,有偿服务
其他,有偿捐献
其他,有偿肾
其他,有码
其他,有奶不一
其他,右转是政
其他,幼齿类
其他,幼交
其他,娱乐透视
其他,愚民同
其他,愚民政
其他,与狗性
其他,宇宙大法
其他,宇宙毁灭
其他,宇宙主佛
其他,玉蒲团
其他,育部女官
其他,预测答案
其他,冤民大
其他,鸳鸯洗
其他,渊盖苏文
其他,元极功
其他,原砷酸
其他,原一九五七
其他,袁伟民
其他,援藏网
其他,援交
其他,晕倒型
其他,韵徐娘
其他,赞成,
政治,西藏独立
其他,脏毒
其他,脏独
其他,遭便衣
其他,遭到警
其他,遭警察
其他,遭武警
其他,择油录
其他,曾道人
其他,炸弹教
其他,炸弹遥控
其他,炸广州
其他,炸立交
其他,炸药的制
其他,炸药配
其他,炸药制
其他,粘氯酸
其他,找枪手
其他,找援交
其他,找政法委副
其他,赵紫阳
其他,针刺案
其他,针刺伤
其他,针刺事
其他,针刺死
其他,针孔摄象机
其他,针孔摄像机
其他,侦探设备
其他,真钱
广告,百家乐
广告,真钱斗地
广告,真钱投注
民生,真善忍
广告,真实文凭
民生,震惊一个民
民生,震其国土
广告,证到付款
广告,证件公司
广告,证件集团
广告,证生成器
广告,证书办
政治,政府无能
政治,政论区
政治,政治风波
政治,政治局十七
政治,政治人祸的源头
低俗,支那
低俗,支那猪
广告,植物冰
广告,指纹考勤
民生,指纹膜
民生,指纹套
色情,制服诱
民生,制手枪
广告,制证定金
广告,制作证件
广告,治疗红斑狼疮
广告,治疗性病
广告,治疗乙肝
广告,治疗肿瘤
广告,中办发
政治,中的班禅
政治,中国不强
政治,中国复兴党
政治,中国高层权力斗争
政治,中国共和党
政治,中国官场情杀案
政治,中国过渡政府
政治,中国海外腐败兵团
政治,中国没有自由
政治,中国人民党
政治,中国实行血腥教育
政治,中国贪官在海外
政治,中国网络审查
政治,中国舆论监督网周洪
政治,中国正义党
政治,中国政府封锁消息
政治,中国支配下的朝鲜经济
政治,中国猪
民生,中华昆仑女神功
民生,中华养生益智功
民生,中华养生益智气
政治,中南海的权力游戏
政治,中南海斗争
政治,中南海恩仇录
政治,中南海黑幕
政治,中南海权力斗争
政治,中石油国家电网倒数
政治,中央黑幕
广告,种公务员
广告,种学历证
民生,重亚硒酸钠
政治,重阳兵变
民生,州惨案
政治,州大批贪
政治,州三箭
政治,宙最高法
政治,朱镕基
民生,主神教
民生,主席忏
民生,属灵教
民生,住英国房
广告,助考
广告,助考网
民生,转法轮
民生,转法论
政治,转是政府
广告,赚钱资料
广告,庄家
民生,装弹甲
民生,装枪套
民生,装消音
广告,追债公司
广告,追踪定位
民生,梓健特药
广告,自动群发
民生,自己找枪
民生,自杀手册
民生,自杀指南
色情,自慰用
民生,自由门
民生,自由圣
民生,自由西藏
政治,自由西藏学生运动
色情,夜总会美女
民生,走私车
色情,足交
广告,足球博彩
广告,足球玩法
民生,最后圆满
民生,醉钢枪
民生,醉迷药
民生,醉乙醚
民生,尊爵粉
政治,左棍
政治,左转是政
广告,作弊器
广告,作各种证
民生,作硝化甘
民生,唑仑
低俗,坐地排卵
低俗,尼玛
低俗,砖家
低俗,装逼
低俗,草泥马
低俗,特么的
低俗,小婊砸
低俗,碧莲
低俗,碧池
低俗,土肥圆
低俗,矮矬穷
低俗,傻叉
低俗,傻X
低俗,跪舔
低俗,屌丝
低俗,艹
低俗,麻蛋
低俗,妈蛋
低俗,逼格
低俗,舔狗
低俗,撕逼
低俗,滚粗
低俗,辣鸡
广告,一起赚
广告,求转
色情,精虫
政治,中央电视台
广告,中国电信
广告,中国移动
广告,中国联通
广告,群发
广告,今日头条
广告,抖音
广告,4S新店
广告,4S店
广告,驾驶证
广告,涨粉
交际,水滴筹
交际,抢票
交际,加速
交际,朋友圈
交际,点赞
广告,刷宝
咨询,在吗
咨询,问一下
咨询,有没有
咨询,有吗
咨询,你好
咨询,您好
咨询,请问
咨询,我想买
咨询,能穿吗
咨询,想买
咨询,多少钱
咨询,尺码
咨询,颜色
咨询,多大的
咨询,多大码
空白,